{
  "version": 1,
  "author": "Kumar Krishav",
  "editor": "wokwi",
  "parts": [
    { "type": "wokwi-breadboard-half", "id": "bb1", "top": -41.4, "left": 98.8, "attrs": {} },
    { "type": "wokwi-esp32-devkit-v1", "id": "esp", "top": -168.1, "left": 484.6, "attrs": {} },
    {
      "type": "wokwi-led",
      "id": "led1",
      "top": -36.26,
      "left": 8.74,
      "attrs": { "color": "red" }
    },
    {
      "type": "wokwi-resistor",
      "id": "r1",
      "top": 63.28,
      "left": -4.8,
      "rotate": 90,
      "attrs": { "value": "1000" }
    },
    { "type": "wokwi-hc-sr04", "id": "ultrasonic1", "top": -228.51, "left": 147.94, "attrs": {} }
  ],
  "connections": [
    [ "esp:TX0", "$serialMonitor:RX", "", [] ],
    [ "esp:RX0", "$serialMonitor:TX", "", [] ],
    [ "esp:GND.2", "bb1:tn.25", "black", [ "h0" ] ],
    [ "r1:2", "bb1:tn.1", "green", [ "h58.72", "v-112.3" ] ],
    [ "led1:C", "r1:1", "green", [ "v0" ] ],
    [ "led1:A", "esp:D14", "green", [ "v-1.71", "h36.08", "v-74.92" ] ],
    [ "ultrasonic1:GND", "bb1:tn.11", "black", [ "v0" ] ],
    [
      "ultrasonic1:VCC",
      "esp:3V3",
      "red",
      [ "v58.32", "h203.08", "v-118.14", "h184.41", "v188.26" ]
    ],
    [ "ultrasonic1:TRIG", "esp:D5", "orange", [ "v-44.46", "h369.81", "v11.53" ] ],
    [
      "ultrasonic1:ECHO",
      "esp:D19",
      "orange",
      [ "v16.05", "h229.18", "v-92.21", "h125.82", "v111.42" ]
    ]
  ],
  "dependencies": {}
}